Cuenta_Twitter,Usuario,Texto,Creado en,Retweets,Likes
saranyca,SaraNyca|Ø³Ø§Ø±Ø©|SPOILERS DE TODOâš ï¸,No podÃ©is convencerme de que esto no es literatura https://t.co/9jxMTEBUzZ,Tue Oct 08 17:16:51 +0000 2024,3662,40216
WikiBarraquena,Mundo Barracas,"[ABRO HILO] ğŸ§µ

De los mejores chats de Whatsapp o Instagram https://t.co/P2ze5DERID",Tue Oct 08 20:30:36 +0000 2024,2902,84982
iTumblr147,Tumblrâ€ ,Mi tipo: https://t.co/QT8ANdD2Yi,Tue Oct 08 23:57:51 +0000 2024,1744,6595
peladodelatv,El Pelado Trebucq,"Â¿VotarÃ­as a Javier Milei en el 2027? ğŸ‘‡ğŸ¼

1- Si
2- No https://t.co/2zOm8R1cEC",Wed Oct 02 21:48:32 +0000 2024,4287,52718
dominguueezz,dominguezz ğŸ’—,las notas de cualquier chica https://t.co/em3DdTmPay,Tue Oct 08 13:33:55 +0000 2024,10076,45376
LailaMickelwait,Laila Mickelwait,Shero. https://t.co/2Rob1NJQ2C,Tue Oct 08 07:51:06 +0000 2024,12603,76306
tomiezequiel15,tom,yo twitteando cosas sin tener seguidores https://t.co/ogzWhHeAM3,Tue Oct 08 23:39:40 +0000 2024,1416,4760
luis_gj,Luis GonzÃ¡lez,Este es el wey que corriÃ³ en vivo al periodista del noticiero por criticar a la 4T. https://t.co/PFWNJ8vURC,Tue Oct 08 21:58:15 +0000 2024,4096,15662
lukamodric10,Luka ModriÄ‡,Enhorabuena por tu carrera. Ha sido un placer. Mucha suerte en tu nueva etapa ğŸ¤ @andresiniesta8 https://t.co/VLL7WI2mwv,Tue Oct 08 19:57:03 +0000 2024,7533,113971
RiverLPM,La PÃ¡gina Millonaria,"VIVIR Y RESPIRAR RIVER. â¤ï¸

Jonatan Maidana. https://t.co/EWIqWixNDl",Tue Oct 08 23:06:37 +0000 2024,388,4219
s44nti,santi,yo cuando ignoran algo que contÃ© con mucha emociÃ³n https://t.co/PUYymXsF23,Mon Oct 07 04:52:01 +0000 2024,51037,249024
ultimahoraenx,ULTIMA HORA EN ğ•,"ğŸ‡ºğŸ‡¸ Una usuaria se burla de las polÃ­ticas de monetizaciÃ³n de Twitch al abusar de las normas, mostrando su cuerpo en un entorno donde muchos usuarios son menores de edad. https://t.co/6vXK1Xp1Oh",Tue Oct 08 07:21:17 +0000 2024,6005,98867
arigameplays,Ari Gameplays ğŸ¤,Ya vente hoy quedamos payasos en dedsafio https://t.co/QVCbjZRBGe,Tue Oct 08 23:47:41 +0000 2024,337,15586
lalobadecatan,LLDC ğŸºğŸ‡¦ğŸ‡·,No soporto mÃ¡s tener un presidente con esta cara de imbÃ©cil https://t.co/sxNJdhj2Pu,Tue Oct 08 22:19:36 +0000 2024,656,6223
Rhevolver,Rhevolver,"Ya andamos en la hora del almuerzo en el jale mi raza, buen provecho https://t.co/T8PjjqfA2Q",Tue Oct 08 16:55:28 +0000 2024,2803,47729
MissaSinfonia,Missa Sinfonia,"â€œPerdon profe, no trajimos la cartulina.â€ https://t.co/9GkW1W3i1O",Sat Oct 05 15:34:12 +0000 2024,7785,93207
Guarromantico_,El GuarromÃ¡ntico,Cosas extraÃ±as suceden. https://t.co/BrlHfSZdqL,Tue Oct 01 01:35:12 +0000 2024,12405,49708
RiverPlate,River Plate,"Lamentamos el fallecimiento de Omar Palma, figura del fÃºtbol argentino que dejÃ³ su recuerdo en River, donde obtuvo la Copa Interamericana 1987 y marcÃ³ el gol que definiÃ³ uno de los mejores SuperclÃ¡sicos de la historia. El Club acompaÃ±a a su familia y seres queridos en estos https://t.co/ZwyKRs5h3c",Tue Oct 08 12:53:03 +0000 2024,1114,14349
daniesdsk,Dani Dsk,"ğŸš¨ğŸš¨ğŸš¨URGENTE ğŸš¨ğŸš¨ğŸš¨

Se busca. Ha sucedido en Barcelona.

Recompensa de 5.000â‚¬ a quiÃ©n pase informaciÃ³n para localizarlo

Te voy a enseÃ±ar el camino de la luz

ğŸ€ ğŸ€ğŸ€ğŸ€ğŸª“ ğŸª“ğŸª“ğŸª“ https://t.co/0IxRIB8Em6",Mon Oct 07 15:53:33 +0000 2024,36911,204753
RelatocuriosoK,ğ–ªğ–¾ğ—‡ğ—‚ğ–º ğ—…ğ—ˆ ğ—ğ–ºğ–¼ğ–¾ ğ—ğ—ˆğ–½ğ—ˆ ğ—†ğ–ºğ—…,"Todo sobre el caso de Diddy y las teorÃ­as que lo vinculan con las muertes de 2Pac, Michael Jackson y mÃ¡sâ€¼ï¸

Abro hiloğŸ§µ https://t.co/qMW7FPXm2q",Wed Oct 02 00:38:25 +0000 2024,10368,146277
l_og2,â€¢,Y ya sin hambre? https://t.co/6u4yuLdjvi,Tue Oct 08 17:55:39 +0000 2024,408,11791
DPRIAN_,Christian Yu,"buenas tardes ciudad de mÃ©xico
ğŸ˜ https://t.co/IAPS17KGmU",Mon Oct 07 21:08:17 +0000 2024,11597,65118
maxpugliese92,ğ™ˆğ˜¼ğ™“ğ™„,"ğŸš¨â€¼ï¸ MIGUEL BORJA iniciarÃ¡ ACCIONES LEGALES contra el colegio de sus hijos por falsa denuncia.
â„¹ï¸ @DiarioOle https://t.co/Drw5RDaPox",Tue Oct 08 23:17:30 +0000 2024,337,8455
florsbertotti,sofi,COMO MI AMOR https://t.co/WFrz9HEaUp,Tue Oct 08 23:37:03 +0000 2024,517,11200
RadioGenoa,RadioGenoa,Europe 2024. https://t.co/XtkorENM48,Mon Oct 07 13:56:46 +0000 2024,5973,41833
juegosimple__,JS,"ğŸš¨ğŸ‡¦ğŸ‡· Miguel Ãngel Borja fue DENUNCIADO ante la justicia por maltrato fÃ­sico a sus hijos de 7 y 10 aÃ±os.

âš ï¸ La denuncia la realizÃ³ la directora del colegio.

vÃ­a @okdobleamarilla https://t.co/BmTVAjdpYh",Tue Oct 08 20:13:59 +0000 2024,429,11925
TugoNews,TUGO News,"Tranquilo el Presidente de la naciÃ³n AMENAZANDO a los argentinos, no pasa en NINGUN otro paÃ­s del mundo esto, impresentable https://t.co/6sRj8tNdMv",Tue Oct 08 22:58:08 +0000 2024,1344,5499
frabigol,Fran,"ğŸ—“ 2018: 
-&gt; Denuncian a Borre âœ…ï¸
-&gt; La denuncia es desestimada âœ…ï¸
-&gt; Ganamos la Libertadores âœ…ï¸

ğŸ—“ 2024: 
-&gt; Denuncian a Borja âœ…ï¸
-&gt; La denuncia es desestimada âœ…ï¸
-&gt; Ganamos la... â³ï¸â³ï¸â³ï¸ https://t.co/fK2nyGwDV9",Tue Oct 08 23:17:23 +0000 2024,199,3732
programa_hoy,Programa Hoy,Â¡Bienvenido! Oficialmente @NicolaPorcella se integra a la familia de HOYğŸ¤—ğŸ¤—ğŸ¤—ğŸ¤ğŸ¤ https://t.co/xz3EPKd276,Tue Oct 08 15:06:58 +0000 2024,565,12812
Informa_GDL,Informa_GDL,"Y si esto ES MÃ‰XICO ğŸ‡²ğŸ‡½ ğŸ©¸ğŸ©¸ğŸ©¸ğŸ©¸

âš ï¸ğŸ‡²ğŸ‡½ğŸ©¸âš ï¸ğŸ‡²ğŸ‡½ğŸ©¸âš ï¸ğŸ‡²ğŸ‡½ğŸ©¸âš ï¸ğŸ‡²ğŸ‡½ğŸ©¸âš ï¸ğŸ‡²ğŸ‡½ğŸ©¸

GUARDIA NACIONAL ATROPELLA Y DESAPARECE A 2 jÃ³venes.

Hace 3 dÃ­as .

LOS MUCHACHOS ESTÃN EN CALIDAD DE DESAPARECIDOS.

Esto pasÃ³ hace 3 dÃ­as :

En el estado de MÃ‰XICO ğŸ‡²ğŸ‡½ 

LOS JÃ“VENES JAMÃS LLEGARON A NINGÃšN https://t.co/gcao31Sxn2",Tue Oct 08 18:49:53 +0000 2024,3042,12284
MedioRiver,Medio River,"ğŸš¨ La Dra. Gonzalez de la UFI NÂº 03, junto con el Servicio Local de NiÃ±ez, evaluaron el caso de los hijos de Miguel Borja y determinaron que NO sufren maltrato en su hogar y se dispuso que los niÃ±os regresen con sus padres a su domicilio. https://t.co/FKt59t0hYQ",Tue Oct 08 20:52:26 +0000 2024,343,5712
LillyTellez,Lilly TÃ©llez,La presidente Sheinbaum insulta su investidura. https://t.co/GMCq2aBdg5,Tue Oct 01 20:48:49 +0000 2024,5801,24138
frabigol,Fran,"HACELOS MIERDA BORJA !!!!!!
CON RIVER NO SE JODE, SIN PIEDAD https://t.co/xGeDKRCeoP",Tue Oct 08 23:06:07 +0000 2024,337,8622
NetflixLAT,Netflix LatinoamÃ©rica,"Pronto conoceremos el mÃ­tico pueblo de Macondo, a la familia BuendÃ­a, las maldiciones, los sueÃ±os, la locura y los amores imposibles. La 1ra. parte de â€˜Cien aÃ±os de Soledadâ€™, la serie basada en la obra maestra de Gabriel GarcÃ­a MÃ¡rquez, llega el 11 de diciembre. Solo en Netflix. https://t.co/1pJApRqmfh",Tue Oct 08 12:00:21 +0000 2024,1273,7512
c4jimenez,Carlos JimÃ©nez,"ADMIRANDO a LA RATA PRENSADA
AsÃ­ buscaban tomar fotos y ver al tipo prensado en su moto.
Ã‰l y uno mÃ¡s, encaÃ±onaron y asaltaron a una joven q iba en camioneta por la peligrosa @Alc_Iztapalapa 
Ella acelerÃ³ y los arrollÃ³
A Ã©ste lo matÃ³
El otro huyÃ³
@SSC_CDMX y @FiscaliaCDMX indagan https://t.co/JR2zBu34M0",Wed Oct 02 21:34:33 +0000 2024,5300,70591
eduardomenoni,Eduardo Menoni,ğŸš¨| ÃšLTIMA HORA: DURÃSIMO GOLPE AL ZURDAJE PROGRE. La pelÃ­cula JOKER 2 PIERDE 70 MILLONES DE DÃ“LARES Y ES CLASIFICADA COMO 'LA PEOR PELÃCULA DE 2024'. La ideologÃ­a feminista que introdujeron con Lady Gaga ARRUINÃ“ el film. âš ï¸ Â¿EstÃ¡s de acuerdo en que la ideologÃ­a progre es mierda? https://t.co/fjE0ooBRss,Mon Oct 07 13:52:12 +0000 2024,5424,39070
En_jupiter_,En JÃºpiter,Un grupo de pollos organiza peleas ilegales de perros. https://t.co/ETRBQEDxL8,Thu Oct 03 00:03:25 +0000 2024,17593,159329
GerGarciaGrova,GermÃ¡n GarcÃ­a Grova,"ğŸ‘‰ğŸ¾En horas de la maÃ±ana la directora del
Colegio de los hijos de Borja contactÃ³ a las autoridades policiales por un comentario de los niÃ±os sobre un supuesto maltrato

*ï¸âƒ£Intervino la policÃ­a y se radicÃ³ la denuncia correspondiente contra Miguel y su esposa.

ğŸ“ŒFinalizadas las https://t.co/zjlhb7gUgn",Tue Oct 08 20:44:49 +0000 2024,332,2752
AlvarezMaynez,Jorge Ãlvarez MÃ¡ynez,"Que lamentable escena.

Toda mi solidaridad con Gustavo Macalpin frente a este grotesco acto de censura.",Tue Oct 08 14:10:00 +0000 2024,2568,21553
agusantonetti,AgustÃ­n Antonetti,"Lo que se ha revelado en Bolivia durante las ultimas horas es uno de los casos mÃ¡s ATROCES de la historia polÃ­tica latinoamericana. 

Los documentos filtrados de la FiscalÃ­a de Tarija hablan de una red de trata de menores liderada por el entonces presidente Evo Morales.

HILO ğŸ§µ https://t.co/FiyB3VvweS",Thu Oct 03 19:47:19 +0000 2024,31645,80713
karinrobmar,â”Œâ”€â”€â” â˜…ğŸŒ¹â¤Karina Roblesâ¤ğŸŒ¹â˜… â””â”€â”€â”˜,SÃ­gueme y te sigo Dale RTğŸ”ƒ y Sigue Todos LosğŸ“· LIKES ğŸŒ¼ ğŸ¥ https://t.co/EEMwpaE8yM,Tue Oct 08 23:27:21 +0000 2024,15,547
bta_Demian,Demianâ˜†â—â˜†,"Â¿QuÃ© es eso?

- SerÃ¡ un nahual. https://t.co/Kdi5XB2Xo0",Tue Oct 08 23:31:23 +0000 2024,24,111
QuePocaMadre_Mx,QuÃ© Poca Madre ğŸ‡²ğŸ‡½,"â€¼#QuePocaMadreâ€¼ EXIGEN #JusticiaParaJonathanJaimes, JOVEN ARROLLADO POR ELEMENTOS DE LA GUARDIA NACIONAL EN CHIMALHUACÃN ğŸš¨ğŸ’¥âš 

ğŸ”´ El pasado 20 de agosto de 2023, una patrulla de la @GN_MEXICO_ arrollÃ³ a dos jÃ³venes que viajaban en motocicleta rumbo a una fiesta en el https://t.co/fD7crb8NWZ",Tue Oct 08 23:01:19 +0000 2024,140,301
spikermonster,Spike R.I.P. Monster ğŸª²,season 4 lydia https://t.co/RFMdJ4av7u,Tue Oct 08 23:52:49 +0000 2024,407,3275
dannavgv_,Dannasaurio ğŸ¦–,"No cuesta nada saludar

ğ—›ğ—¼ğ—¹ğ—®ğ—®ğ—® ğŸ«£
Insta: dsaurio01 (salÃºdame allÃ­) https://t.co/2MpvnUeBb4",Tue Oct 08 23:36:43 +0000 2024,37,1725
DiarioOle,Diario OlÃ©,"ğŸš¨ TRAS SER DENUNCIADO, BORJA DEMANDARÃ AL COLEGIO DE SUS HIJOS

El delantero de River iniciarÃ¡ acciones por falsa denuncia luego de que la directora activara el protocolo por un presunto maltrato contra los chicos, ambos menores de edad https://t.co/GEkKSkdVdO",Tue Oct 08 23:03:51 +0000 2024,234,2940
ArrepentidosLLA,Arrepentidos de Milei,Hoy tambiÃ©n se votÃ³ tomar el rectorado de la Universidad de la Plata (UNLP) y la Facultad de Ciencia y TecnologÃ­a de la UNSAM. Ya son mÃ¡s de 10 facultades que se plegaron a la lucha en contra del veto en todo el paÃ­s https://t.co/qpVlXntxzr,Tue Oct 08 23:30:52 +0000 2024,338,1225
rugelastico,Rugeles,"*comienza el golpe de estado*

automÃ¡ticamente yo: https://t.co/KWTi1xqxBd",Tue Oct 08 23:37:33 +0000 2024,313,2587
CarneDeAzucar,LA GRAN SUGARITA âœ¨,Â¿Cual eres ? https://t.co/jRABk2JeRg,Tue Oct 08 23:02:42 +0000 2024,9,243
vagoilustrado,Vagabundo ilustrado,"Tras la muerte de PiÃ±era, Chadwick se preparaba para regresar a la polÃ­tica (a poco de cumplirse 5 aÃ±os de inhabilidad). Expresidentes como Macri y Duque le pidieron continuar ""el legado de PiÃ±era"", y ya se coordinaba su retorno. Â¿Ahora? A nada de entrar a CapitÃ¡n YÃ¡ber (cÃ¡rcel). https://t.co/NkfH8aEFpS",Tue Oct 08 23:56:25 +0000 2024,133,286
blogdelnarcomex,Blog del Narco MÃ©xico,"Sicarios ejecutaron a Ricardo de 16 aÃ±os en Tapachula, Chiapas por grabar una ejecuciÃ³n minutos antes (InformaciÃ³n en el enlace) https://t.co/g7txRu3ZOb https://t.co/mYCwonElhw",Tue Oct 08 23:18:13 +0000 2024,569,5559
SoySimpsonito,Simpsonito,"""Â¡No, cinÃ©filos! Â¡AquÃ­ no hay ningÃºn Joker y nunca lo ha habido!"" https://t.co/Mm97jpBml7",Tue Oct 08 22:57:20 +0000 2024,29,275
ECUAGOL,Ecuagol,"SORTEO DE ENTRADASğŸŸï¸ 

@ECUAGOL y @BancoGuayaquil te llevan al partido de #EcuadorğŸ‡ªğŸ‡¨ vs #ParaguayğŸ‡µğŸ‡¾ este jueves 10 de octubre a las 16h00 en el Rodrigo Paz DelgadoğŸŸï¸

Sigue estos pasos:
1) Comenta el marcador
2) Usa el #ElBancoDelFutbol 

Listo, estÃ¡s participandoğŸ˜‰

#Ecuagol https://t.co/170Pz8NrwZ",Tue Oct 08 23:31:07 +0000 2024,28,68
AlertaMundoNews,Alerta Mundial,ğŸš”ğŸš¨| El Departamento de PolicÃ­a de Irvine presentÃ³ hoy su nuevo Tesla Cybertruck como vehÃ­culo policial. https://t.co/4EdR4k0NaS,Tue Oct 08 23:42:53 +0000 2024,138,796
GuapoHerminio,Guapo Herminio,"Tuve que ir a chequearlo, no es fake. El PRESIDENTE retuiteÃ³ esto. ""Zurdos despuÃ©s no lloren DDHH y lesa humanidad"". Uno ya no sabe por cuÃ¡les de las 100 desgracias que suceden por dÃ­a alarmarse, pero esto es grave https://t.co/zcvjxdZ1Dp",Tue Oct 08 22:48:35 +0000 2024,547,1824
EcuavisaInforma,Ecuavisa Noticias,ğŸš¨ La cabeza del alcalde de #Chilpancingo fue hallada encima de un carro. El resto del cuerpo estaba dentro del vehÃ­culo. ğŸ“² https://t.co/urueTWnV1m https://t.co/RcsHH6wj36,Tue Oct 08 23:54:51 +0000 2024,14,62
EmergenciasEc,Emergencias Ec,"JUEZ FELIPE C., INVESTIGADO POR CORRUPCIÃ“N, INOBSERVÃ“ DICTAMEN DE LA CORTE CONSTITUCIONAL EN EL CASO SHARON

Constaba la vulneraciÃ³n de derechos por la Corte Constitucional, sin embargo, el juez Felipe CÃ³rdova inobservÃ³ las mismas y negÃ³ recurso de CasaciÃ³n a Geovanny L. https://t.co/g8qQRavcYm",Tue Oct 08 23:41:35 +0000 2024,8,40
luisnovaresio,luis novaresio,"Hoy a las 23,59 en @lanacionmas",Tue Oct 08 23:16:47 +0000 2024,2,10
soscarcelesec,#SOScÃ¡rcelesEc,"#URGENTE ğŸš¨ 

Por medio de otro Habeas Corpus, Alias #Palanqueta tambiÃ©n dejÃ³ la CÃ¡rcel de MÃ¡xima de Seguridad â€œLa Rocaâ€. Ãlvaro MontaÃ±o Valencia, lÃ­der del GDO #LosLobos, fue trasladado hace aproximadamente dos semanas al Centro de PrivaciÃ³n de Libertad de #Turi, en la ciudad de https://t.co/ioUUyyiH3N",Tue Oct 08 23:41:47 +0000 2024,262,224
EnsedeCiencia,EnsÃ©Ã±ame de Ciencia,"Se dice que una gran cantidad de hombres no tiene ni idea de lo que es esto. Arreglemos esoâ€¦

Â¡Quiero ver sus respuestas! ğŸ‘‡ https://t.co/1y9LNIVg2I",Tue Oct 08 23:32:21 +0000 2024,15,165
LuisCardenasMx,LuisCardenasMX,"ğŸš¨NOROÃ‘A APROVECHA EL FUEROğŸš¨ FernÃ¡ndez NoroÃ±a en moto, SIN CASCO y en carril exclusivo del MetrobÃºs ğŸ˜±. El Senador violÃ³ las leyes de trÃ¡nsito de la CDMX y causÃ³ indignaciÃ³n en redes por su IRRESPONSABILIDAD ğŸ›‘. Alega que fue para llegar a tiempo, pero las multas superan los 8 https://t.co/ZoJpVYi9wm",Fri Oct 04 21:17:51 +0000 2024,9975,21598
JUANES,JUANES,Mi Sangre esta cumpliendo 20 aÃ±os y yo tengo 52. Pero sigo igual al de la segunda fotoâ€¦ sÃ­ o no?ğŸ¤£ https://t.co/G9aEm9XPat,Wed Oct 02 23:55:25 +0000 2024,1735,31797
dianaaaaaugust,Diana ğŸ’,"Dios mÃ­o dÃ­ganme que ya todas vieron al novio que le escribiÃ³ cartas a su novia durante un aÃ±o sin enviÃ¡rselas y cuando cumplieron un aÃ±o, las hizo un libro y se lo dio de regalo de aniversario????? Estado: LÃQUIDO.",Tue Oct 08 16:53:41 +0000 2024,7452,46229
eduardomenoni,Eduardo Menoni,"ğŸš¨| MEL GIBSON fue de los pocos actores de Hollywood que sensibilizÃ³ sobre el TRÃFICO DE NIÃ‘OS y la PEDOFILIA en HOLLYWOOD, cuando dijo que apoyaba a â€œSound of Freedomâ€ los progres lo atacaron. âš ï¸ Hoy con lo de P. Diddy se demuestra que tenÃ­a RAZÃ“N. Yo apoyo a Mel Gibson Â¿y tÃº? https://t.co/uOJoEtBnWO",Thu Oct 03 16:50:12 +0000 2024,11602,58084
UHN_Plus,UHN PLUS,"ğŸ‡¯ğŸ‡µğŸ‡ºğŸ‡¸ | ÃšLTIMA HORA

Toyota ha anunciado que dejarÃ¡ de patrocinar desfiles y eventos LGBTQ, y ya no promoverÃ¡ iniciativas de diversidad, equidad e inclusiÃ³n (DEI). https://t.co/17E95OIw76",Sat Oct 05 02:49:26 +0000 2024,8535,69488
catrina_nortena,La Catrina NorteÃ±a,"#FueraPiÃ±aySuPandilla 
ğŸš¨ CORREN EN VIVO A ODIADOR DE AMLO 

Ayer Despidieron a  Gustavo Macalpin del Canal 66 despuÃ©s de echarle veneno a AMLO y meterse con sus hijos durante mÃ¡s de 6 aÃ±os.

Me encantan los finales felices... https://t.co/5RhoiLq1ni",Tue Oct 08 16:09:14 +0000 2024,1450,4018
eldiariodedross,DROSS,Cancelaron la animaciÃ³n de Velma. JAJAJAJAJAJAJ JAJAJAAJAJA JAJAJAJA JAJAJAAJAJ JAJAAJAJAJ JAJAAJA https://t.co/9BuEBenXEI,Tue Oct 08 20:25:38 +0000 2024,614,8627
tarrito79,Tarrito de Pecas,"Mc Donalds sacÃ³ una cajita feliz para adultos ğŸ¥¹ con los personajes de Friends.

ğŸ˜ https://t.co/MDg15oIkyZ",Tue Oct 08 15:42:48 +0000 2024,1888,30596
luis_gj,Luis GonzÃ¡lez,"Gustavo Macalpin, el periodista que fue despedido en vivo por cuestionar al rÃ©gimen de la 4T, tambiÃ©n ha sido muy incÃ³modo por demostrar que el pueblo bueno que tanto presume Morena que es sabio, en realidad no tiene NADA de sabidurÃ­a. https://t.co/kNGECu6jyk",Tue Oct 08 17:17:34 +0000 2024,4553,16757
NetflixLAT,Netflix LatinoamÃ©rica,"La encantadora y mÃ¡gica historia de amor de esta pareja entra en un nuevo capÃ­tulo ğŸ’–. Â¡AcompaÃ±a a Miyo y Kiyoka en su viaje en la segunda temporada de 'Mi feliz matrimonio', que llegarÃ¡ en enero de 2025! https://t.co/AjA4nDpaYS",Mon Sep 23 01:00:00 +0000 2024,356,2338
ElAlexQuackity,ElQuackity,padre e hijo se vuelven a encontrar despuÃ©s de aÃ±os https://t.co/HF79Taazdy,Fri Oct 04 14:19:12 +0000 2024,7987,74680
DeniseDresserG,Denise Dresser,"Que no vuelvan jamÃ¡s a presumir una superioridad moral inexistente. 
Que no vuelvan jamÃ¡s a decir cuÃ¡n demÃ³cratas son. 
Que no vuelvan jamÃ¡s a decir que no son iguales. 
Que no vuelvan jamÃ¡s a hablar de cÃ³mo eliminaron la corrupciÃ³n. 

El beso de Claudia Sheinbaum a la mano de https://t.co/cLQjzaYW6p",Wed Oct 02 03:21:01 +0000 2024,6229,19531
PatoBullrich,Patricia Bullrich,"NO VAMOS A PERMITIR QUE EXTRANJEROS OCUPEN TERRITORIO ARGENTINO ILEGALMENTE

Que quede claro: incautaremos las plantaciones ilegales, expulsaremos a los invasores y bloquearemos el ingreso de quienes no tengan residencia.

La GNA ya inspeccionÃ³ y delimitÃ³ la zona con GPS tras la https://t.co/2MUIixqqxi",Sun Oct 06 15:55:02 +0000 2024,5796,36216
luis_gj,Luis GonzÃ¡lez,"La fanaticada de Morena celebrando y aplaudiendo la censura y el despido de un trabajador. 

Â¿En quÃ© mierda de paÃ­s nos estamos convirtiendo? https://t.co/VCxk2qyXT2",Tue Oct 08 18:40:46 +0000 2024,1010,6209
ChumelTorres,Chumel Torres,Â¿Y se sube uno a cantar con ella o quÃ© ğŸ™ƒ? https://t.co/MoAkcLx7b7,Tue Oct 08 21:18:41 +0000 2024,349,4748
mbapadre,gam,Los hombres tras vivir el evento mÃ¡s traumÃ¡tico de sus vidas: ğŸ˜ğŸ‘ğŸ»ğŸ® https://t.co/PENU7aJWOa,Tue Oct 08 10:42:16 +0000 2024,9772,106922
TheGrefg,Grefg =),Por fin cambiaron la cara a mi skinâ€¦ https://t.co/59rjaOdXy9,Mon Sep 30 22:51:05 +0000 2024,3067,145452
NetflixLAT,Netflix LatinoamÃ©rica,"Â¡PrepÃ¡rate para una nueva aventura de Dragon Ball mientras Goku, el Kai Supremo, Glorio y Panzy se embarcan en un viaje a un mundo misterioso! 
Con trabajo original, historia y diseÃ±o de personajes de Akira Toriyama, 'Dragon Ball DAIMA' llega a Netflix el 18 de octubre. https://t.co/gckZOddZCd",Sat Oct 05 00:03:32 +0000 2024,1355,10219
eduardomenoni,Eduardo Menoni,Llegaron a MÃ©xico todos los presidentes comunistas y zurdos de la regiÃ³n. Â¿EstÃ¡s de acuerdo en que estos progres son una gran MIERDA? âœ‹ğŸ¼ https://t.co/RpJXV8rwEz,Tue Oct 01 00:03:50 +0000 2024,6842,29752
RCamachoVzla,Roman Camacho,"Funcionarios del Cicpc esclarecieron el homicidio de Mercedes Herrera, ocurrido el lunes 30 de septiembre en su casa en Altamira. Determinaron que el robo fue el mÃ³vil del hecho.

Por el crimen detuvieron a Frenyerlyng Carolina Ortiz quien tenÃ­a meses trabajando como domÃ©stica https://t.co/LMs993pbaO",Tue Oct 08 18:19:13 +0000 2024,744,1553
marianawismann,Marianita,Yo haciendo enojar a un hombre a propÃ³sito: https://t.co/o795RMyzPo,Tue Oct 08 02:48:33 +0000 2024,12418,62701
adn40,adn40,"ğŸ¶: Tranquila, humana. No quiero asustarte, solo tengo hambre â˜ºï¸ https://t.co/cmiPB6nDRo",Mon Oct 07 02:15:00 +0000 2024,6873,90631
Informa_GDL,Informa_GDL,"Esto ES MÃ‰XICO ğŸ‡²ğŸ‡½ ğŸ©¸ğŸ©¸ğŸ©¸ğŸ©¸ğŸ‡²ğŸ‡½ğŸ‡²ğŸ‡½ğŸ‡²ğŸ‡½ğŸ©¸ğŸ©¸ğŸ©¸ğŸ©¸ğŸ‡²ğŸ‡½ğŸ‡²ğŸ‡½ğŸ‡²ğŸ‡½âš ï¸ EL MÃ‰XICO QUE USTEDES ELIGIERON.

DISFRUTEN LO VOTADO. https://t.co/7Ebk4YGM4A",Mon Oct 07 04:15:53 +0000 2024,8640,74465
XochitlGalvez,XÃ³chitl GÃ¡lvez Ruiz,Carta a @Claudiashein: https://t.co/skMI3d0bfg,Tue Oct 01 16:02:11 +0000 2024,2591,16561
ArgentinoProm_,TBD News. ğŸ“¢,"ğŸ‡¦ğŸ‡·â­•ï¸[AHORA] BOLIVIANOS INVADIERON ARGENTINA y ASESINARON a una cachorro de YaguaretÃ© ğŸ¯
OcurriÃ³ en #Salta un grupo de bolivianos ingresaron de forma ILEGAL al paÃ­s y dieron caza a un animal protegido y en peligro de extinciÃ³n, luego los transportan a BOLIVIA y venden su piel. https://t.co/okcQ208sN7",Tue Oct 08 13:50:15 +0000 2024,2624,19133
CarajoStream,Carajo,"Por quÃ© los â€œintelectualesâ€ son siempre de izquierda? 

Laje acaba de dar cÃ¡tedra. Vean esto. https://t.co/u77XO7k1ch",Tue Oct 08 01:17:00 +0000 2024,9343,35013
PlataformaALTO,Plataforma ALTO,"Se necesita, urgente, apoyo de autoridades para rescatar a este perrito, que es mantenido todo el dÃ­a en esa posiciÃ³n, con esa ropa, seguramente drogado, frente al edificio de Avianca, BogotÃ¡

El perrito es explotado para pedir dinero ğŸ˜ . El sujeto que lo tiene amenaza a https://t.co/kzBSIFWupj",Tue Oct 08 13:42:15 +0000 2024,3457,5212
MrElDiablo8,JORGE BECERRIL JB/8,"Equipos de emergencia atienden a persona prensada en Churubusco y La Viga, presuntamente intentÃ³ asaltar a los ocupantes de la camioneta y lo embistieron. 

#Precauciones https://t.co/2rMLOOaAkx",Wed Oct 02 19:10:24 +0000 2024,3242,42685
WestCOL,WestCOL,RecÃ­balo allÃ¡ https://t.co/PlAzvU3Gu6,Tue Oct 08 13:59:23 +0000 2024,491,18650
whotfckisfrank,pretty boyğŸƒ,eres old PERO ASÃ DE OLD?????? https://t.co/ibGORTrZS1,Sun Oct 06 16:14:05 +0000 2024,13000,114973
eduardomenoni,Eduardo Menoni,"ğŸš¨| ÃšLTIMA HORA: ğŸ‡¬ğŸ‡ª El parlamento de Georgia firma oficialmente la ley que prohÃ­be el matrimonio entre personas del mismo sexo, la cirugÃ­a de reasignaciÃ³n de gÃ©nero, los eventos del orgullo y las exhibiciones de la bandera arcoÃ­ris LGBTQ. âš ï¸ Â¿Apoyas esta CONTUNDENTE medida? https://t.co/riSnMkg95P",Fri Oct 04 01:20:32 +0000 2024,4570,43257
Nacional,Nacional,ğŸš¨ ğˆğŒğğğ‘ğ“ğ€ğğ“ğ„ https://t.co/IC5L5xrYtb,Sun Oct 06 23:00:02 +0000 2024,2921,21541
joe_trouble,JosÃ©,"hasta nunca anciano resentido, naco y puto",Mon Sep 30 15:48:29 +0000 2024,2972,20168
NecesitoUnPerro,Necesito un ğŸ¶ en mi vida,Adopta no compres hay miles de almitas esperando darte mucho amor!! https://t.co/uCRpMdYiaa,Wed Oct 02 19:38:39 +0000 2024,14673,127353
Patrioticos_RD,ğŸ”°Guardianes PatriÃ³ticos,"LES AHORRO LA IDA AL CINE 

DespuÃ©s de 2 horas y media de musical, el Joker y Harley interpretado por Lady Gaga por fin estÃ¡n juntos, bailan en las escaleras, el Joker estÃ¡ feliz, pero luego llega la revelaciÃ³n, Harley nunca lo amÃ³, solo lo utilizÃ³ y lo manipulÃ³, ella era la https://t.co/2xHFuJuoGb",Fri Oct 04 05:39:41 +0000 2024,6343,43085
Soy_leonidas,Leonidas,Al final el diablo aprendiÃ³ de esta mujer. https://t.co/FA5FKVQbQJ,Mon Oct 07 23:07:33 +0000 2024,8520,89524
GenxyEvangel,GenxyğŸŒ» â™Šï¸,ResolviÃ³ https://t.co/Yr2JUbqzgZ,Tue Oct 01 01:17:26 +0000 2024,12718,202427
CualquieraMujer,Una mujer cualquiera,"Voy a decir una verdad super polÃ©mica:

Wendy es vato. https://t.co/1geepF1AdG",Tue Oct 08 19:37:47 +0000 2024,245,2999
dilocondibujos_,Dilo con dibujos,y me enamorÃ© ğŸ˜ https://t.co/XptFsgA3UF,Mon Oct 07 14:21:54 +0000 2024,6194,48963
tomiezequiel15,tom,yo sonriÃ©ndote porque no escuchÃ© nada de lo que me dijiste https://t.co/fJ7LzfIBTH,Thu Oct 03 22:29:06 +0000 2024,22573,109542
